StationID,Station_name,Latitude,Longitude,Chloride,Conductivity,Dissolved_Oxygen,Summer_Water_Temp,Chloride_above_threshold,Conductivity_above_threshold,Dissolved_oxygen_below_threshold,NHN_TWS,Prov_wsh,Total_phosphorus,Total_phosphorus_above_threshold,Nitrates,Nitrates_above_threshold
AB05AA0440,PINCHER CREEK,49.48194,-113.96861,1.4,380,10.41,16.27,NO,NO,NO,05AA,AB-04010104,NA,NA,NA,NA
AB05AA0480,PINCHER CREEK,49.54628,-113.79454,3.65,427,10.41,19.02,NO,NO,NO,05AA,AB-04010104,NA,NA,NA,NA
AB05AA1595,ATHABASCA RIVER  AT OLD ENTRANCE TOWN SITE - LEFT BANK,49.55861,-113.82222,1.4,281.5,10.53,13.5,NO,NO,NO,05AA,AB-04010105,NA,NA,NA,NA
AB05AB0100,BEAVER CREEK,49.63928,-113.79517,6.15,643,10.56,17.5,NO,YES,NO,05AB,AB-04010105,NA,NA,NA,NA
AB05AD0010,OLDMAN RIVER,49.7017,-112.86624,2.3,332,9.7,19.21,NO,NO,NO,05AD,AB-04010303,NA,NA,NA,NA
AB05AD0070,BELLY RIVER,49.47722,-113.30167,1.5,352,9.88,19.76,NO,NO,NO,05AD,AB-04010302,NA,NA,NA,NA
AB05AD0190,WATERTON RIVER,49.43028,-113.49583,NA,240.5,10.62,16.64,NA,NO,NO,05AD,AB-04010301,NA,NA,NA,NA
AB05AD0240,BELLY RIVER,49.7275,-113.17806,1.9,323,10.08,20.02,NO,NO,NO,05AD,AB-04010302,NA,NA,NA,NA
AB05AE0070,ST. MARY RIVER,49.58889,-112.88056,1.7,321,10.19,17.98,NO,NO,NO,05AE,AB-04010401,NA,NA,NA,NA
AB05BG0090,GHOST RIVER,51.28316,-114.83917,NA,340,10.61,10.06,NA,NO,NO,05BG,AB-04020701,NA,NA,NA,NA
AB05BG0100,WAIPAROUS CREEK,51.28244,-114.83754,NA,347,10.87,11.04,NA,NO,NO,05BG,AB-04020701,NA,NA,NA,NA
AB05BH0010,BOW RIVER,51.18306,-114.48708,2.35,298,10.31,14.52,NO,NO,NO,05BH,AB-04020801,NA,NA,NA,NA
AB05BH0040,JUMPINGPOUND CREEK,51.18472,-114.49583,NA,390.5,10.37,14.85,NA,NO,NO,05BH,AB-04020801,NA,NA,NA,NA
AB05BH0370,NOSE CREEK,51.04639,-114.01889,NA,1252,10.1,17.84,NA,YES,NO,05BH,AB-04020803,NA,NA,NA,NA
AB05BJ0450,ELBOW RIVER,51.04483,-114.04194,12,434,10.19,17.39,NO,NO,NO,05BH,AB-04021001,NA,NA,NA,NA
AB05BL0210,HIGHWOOD RIVER,50.60126,-113.85801,NA,364,10.01,16.26,NA,NO,NO,05BL,AB-04021201,NA,NA,NA,NA
AB05BL0470,SHEEP RIVER,50.71595,-113.86003,5.4,432,10.36,15.42,NO,NO,NO,05BL,AB-04021202,NA,NA,NA,NA
AB05BL0490,HIGHWOOD RIVER,50.78231,-113.82586,NA,388,10.39,18.62,NA,NO,NO,05BL,AB-04021201,NA,NA,NA,NA
AB05BL1440,SHEEP RIVER,50.69683,-114.23583000000001,1.4,362,10.57,13.88,NO,NO,NO,05BL,AB-04021202,NA,NA,NA,NA
AB05BM0145,PINE CREEK,50.84501,-113.96185,NA,1013,10.4,16.21,NA,YES,NO,05BK,AB-04021102,NA,NA,NA,NA
AB05CA0015,FALLEN TIMBER CREEK,51.73667,-114.65444,NA,353,9.99,15.66,NA,NO,NO,05CA,AB-08010103,NA,NA,NA,NA
AB05CA0045,BEARBERRY CREEK,51.8,-114.66,NA,392,10.38,16.05,NA,NO,NO,05CA,AB-08010101,NA,NA,NA,NA
AB05CA0050,BOW RIVER  AT COCHRANE,51.79583,-114.635,1.3,384,10.24,13.33,NO,NO,NO,05CA,AB-08010101,NA,NA,NA,NA
AB05CA0090,JAMES RIVER,51.92694,-114.68444,NA,325,9.89,15.67,NA,NO,NO,05CA,AB-08010104,NA,NA,NA,NA
AB05CA0110,BURNSTICK LAKE,51.98917,-114.88417,NA,298.3,4.94,NA,NA,NO,YES,05CA,AB-08010104,NA,NA,NA,NA
AB05CB0070,RAVEN RIVER,52.08902,-114.47761,NA,473,10.27,14.85,NA,NO,NO,05CB,AB-08010202,NA,NA,NA,NA
AB05CB0270,LITTLE RED DEER RIVER,52.02778,-114.13889,NA,403,9.97,17.9,NA,NO,NO,05CB,AB-08010203,NA,NA,NA,NA
AB05CC0010,RED DEER RIVER,52.26722,-113.86361,2.7,381,10.79,18.4,NO,NO,NO,05CC,AB-08010301,NA,NA,NA,NA
AB05CC0225,WASKASOO CREEK,52.27096,-113.8022,NA,930.5,8.68,17.12,NA,YES,NO,05CC,AB-08010301,NA,NA,NA,NA
AB05CC0650,SYLVAN LAKE,52.35,-114.16667,NA,619,7.76,NA,NA,YES,NO,05CC,AB-08010301,NA,NA,NA,NA
AB05DA0010,NORTH SASKATCHEWAN RIVER,52.00167,-116.47306,NA,214.1,10.14,NA,NA,NO,NO,05DA,AB-11010101,NA,NA,NA,NA
AB05DC0021,BIGHORN RIVER,52.36861,-116.29889,NA,402,10.97,NA,NA,NO,NO,05DC,AB-11010201,NA,NA,NA,NA
AB05DC0025,NORTH SASKATCHEWAN RIVER,52.45381,-115.75947,NA,283,9.95,NA,NA,NO,NO,05DC,AB-11010201,NA,NA,NA,NA
AB05DC0025,NORTH SASKATCHEWAN RIVER  1 KM U/S CLEARWATER RIVER,52.45381,-115.75947,1.3,279,9.95,11.71,NO,NO,NO,05DC,AB-11010201,NA,NA,NA,NA
AB05DC0040,RAM RIVER,52.36833,-115.42028,NA,438.5,10.43,NA,NA,NO,NO,05DC,AB-11010202,NA,NA,NA,NA
AB05DC0050,NORTH SASKATCHEWAN RIVER,52.34808,-114.98176,NA,295.2,9.96,NA,NA,NO,NO,05DC,AB-11010201,NA,NA,NA,NA
AB05DC0050,NORTH SASKATCHEWAN RIVER  AT SAUNDERS CAMPGROUND - TRANSECT,52.34808,-114.98176,1.15,293,10.01,14.43,NO,NO,NO,05DC,AB-11010201,NA,NA,NA,NA
AB05DC0070,BAPTISTE RIVER,52.66389,-115.07611,NA,326.1,11.42,NA,NA,NO,NO,05DC,AB-11010203,NA,NA,NA,NA
AB05DD0030,BRAZEAU RIVER,52.9125,-115.35556,NA,330.6,10.63,NA,NA,NO,NO,05DD,AB-11010405,NA,NA,NA,NA
AB05DD0200,NORDEGG RIVER,52.81917,-115.51306,NA,288,10.26,NA,NA,NO,NO,05DD,AB-11010406,NA,NA,NA,NA
AB05DE0015,ROSE CREEK,53.05222,-115.05083,NA,217.1,11.32,NA,NA,NO,NO,05DE,AB-11020102,NA,NA,NA,NA
AB05DE2000,TOMAHAWK CREEK,53.35194,-114.65972,NA,331.8,10.35,NA,NA,NO,NO,05DE,AB-11020101,NA,NA,NA,NA
AB07AA0005,SUNWAPTA RIVER,52.217,-117.2342,NA,145.9,10.98,NA,NA,NO,NO,07AA,AB-17010101,NA,NA,NA,NA
AB07AA0007,MIETTE RIVER,52.864,-118.10589,NA,231.1,11.11,NA,NA,NO,NO,07AA,AB-17010104,NA,NA,NA,NA
AB07AC0015,BERLAND RIVER,54.0121,-116.96656,NA,359,10,NA,NA,NO,NO,07AC,AB-17010301,NA,NA,NA,NA
AB07AD0100,OLDMAN RIVER  NEAR BROCKET-LEFT BANK,53.3675,-117.7225,1.15,271,10.26,13.85,NO,NO,NO,07AA,AB-17010401,NA,NA,NA,NA
AB07AG0345,MCLEOD RIVER,54.01297,-115.84156,NA,308.3,10.24,NA,NA,NO,NO,07AG,AB-17020201,NA,NA,NA,NA
AB07AH0005,SAKWATAMAU RIVER,54.2012,-115.7796,NA,258,10.03,NA,NA,NO,NO,07AH,AB-17010601,NA,NA,NA,NA
AB07BD0010,RED DEER RIVER  AT SUNDRE,54.43222,-114.48333,1.8,274,9.94,13.85,NO,NO,NO,07BD,AB-17010701,NA,NA,NA,NA
AB07GE0020,WAPITI RIVER,55.07194,-118.80472,NA,285.5,10.65,17.15,NA,NO,NO,07GE,AB-18020501,NA,NA,NA,NA
AB07GJ0030,WAPITI RIVER,55.13667,-118.30833,3.4,315.5,10.55,17.39,NO,NO,NO,07GE,AB-18020501,NA,NA,NA,NA
10000100302,Turkey Creek - Detroit River,42.24458,-83.07082,206,1130,5.54,23.33,YES,YES,YES,02GH,ON-02GHA02,0.105,YES,0.921,NO
10000200202,Canard River,42.15906,-83.0188,132,1010,8.61,25.9,YES,YES,NO,02GH,ON-02GHA03,0.153,YES,1.64,NO
1010400202,Current River,48.48248,-89.18802,NA,NA,NA,17.78,NA,NA,NA,02AB,ON-02AB-01,NA,NA,NA,NA
1010600202,McIntyre River,48.39966,-89.24544,NA,NA,NA,19.99,NA,NA,NA,02AB,ON-02AB-02,NA,NA,NA,NA
1010700202,McIntyre River,48.38123,-89.35788,NA,NA,NA,17.68,NA,NA,NA,02AB,ON-02AB-02,NA,NA,NA,NA
1010800602,Oliver Lake - Kaministiquia River,48.3258,-89.40438,NA,NA,NA,19.36,NA,NA,NA,02AB,ON-02AB-03,NA,NA,NA,NA
104001,Duffins Creek,43.83919,-79.03984,NA,NA,12.22,21.7,NA,NA,NO,02HC,ON-02HC-08,NA,NA,NA,NA
104008,Duffins Creek,43.96145,-79.12565,NA,NA,11.66,18.21,NA,NA,NO,02HC,ON-02HC-08,NA,NA,NA,NA
104023,Duffins Creek,43.86687,-79.08601,83.2,NA,10.63,19.32,NO,NA,NO,02HC,ON-02HC-08,NA,NA,NA,NA
104025,Duffins Creek,43.85092,-79.07582,47.9,NA,11.58,22.08,NO,NA,NO,02HC,ON-02HC-08,NA,NA,NA,NA
104026,Duffins Creek,43.86966,-79.0743,138,NA,10.05,21.58,YES,NA,NO,02HC,ON-02HC-08,NA,NA,NA,NA
104027,Duffins Creek,43.87148,-79.06518,NA,NA,NA,19.78,NA,NA,NA,02HC,ON-02HC-08,NA,NA,NA,NA
104028,Duffins Creek,43.90776,-79.07292,131.5,NA,10.96,16.89,YES,NA,NO,02HC,ON-02HC-08,NA,NA,NA,NA
104029,Duffins Creek,43.95051,-79.08526,24.9,NA,11.64,17.43,NO,NA,NO,02HC,ON-02HC-08,NA,NA,NA,NA
104037,Duffins Creek,43.93716,-79.20343,93.6,NA,11.6,19.07,NO,NA,NO,02HC,ON-02HC-08,NA,NA,NA,NA
11000100502,Welland River,43.02862,-79.21113,25.6,351.5,9.29,NA,NO,NO,NO,02HA,ON-02HA-02,0.045,YES,0.92,NO
11000100702,Welland River,42.97204,-79.31767,38.7,467.5,9.86,NA,NO,NO,NO,02HA,ON-02HA-02,0.2,YES,1.65,NO
11000101202,Welland River,43.02133,-79.61771,74.8,722.5,8.66,NA,NO,YES,NO,02HA,ON-02HA-02,0.118,YES,1.12,NO
11000101302,Welland River,42.98063,-79.56233,43.1,579,8.08,NA,NO,YES,NO,02HA,ON-02HA-02,0.52,YES,2.43,NO
12007300302,Raisin River,45.1445,-74.57768,NA,NA,NA,23.49,NA,NA,NA,02MC,ON-02MCA06,NA,NA,NA,NA
12007300802,Raisin River,45.10993,-74.77306,NA,NA,NA,22.86,NA,NA,NA,02MC,ON-02MCA06,NA,NA,NA,NA
12007301102,Raisin River,45.15011,-74.73579,NA,NA,NA,23.04,NA,NA,NA,02MC,ON-02MCA06,NA,NA,NA,NA
12007301502,Raisin River,45.09994,-74.67696,NA,NA,NA,19.55,NA,NA,NA,02MC,ON-02MCA06,NA,NA,NA,NA
12008000302,Rivière Beaudette,45.28217,-74.44979,NA,NA,NA,24.04,NA,NA,NA,02MC,ON-02MCA08,NA,NA,NA,NA
12008600102,Rivière Delisle,45.31764,-74.60217,NA,NA,NA,24.74,NA,NA,NA,02MC,ON-02MCA07,NA,NA,NA,NA
12008600202,Rivière Delisle,45.32857,-74.61791,NA,NA,NA,24.71,NA,NA,NA,02MC,ON-02MCA07,NA,NA,NA,NA
12008600402,Rivière Delisle,45.30296,-74.63752,NA,NA,NA,25.29,NA,NA,NA,02MC,ON-02MCA07,NA,NA,NA,NA
12008601102,Rivière Delisle,45.31271,-74.63227,NA,NA,NA,24.88,NA,NA,NA,02MC,ON-02MCA07,NA,NA,NA,NA
14002800302,McCharles Lake - Vermilion River,46.42733,-81.09778,NA,NA,NA,22.78,NA,NA,NA,02CF,ON-02CF-02,NA,NA,NA,NA
14002801202,Onaping River,46.60479,-81.38127,NA,NA,NA,21.08,NA,NA,NA,02CF,ON-02CF-07,NA,NA,NA,NA
14002803002,Cascade Falls - Vermilion River,46.53756,-81.2659,NA,NA,NA,22.1,NA,NA,NA,02CF,ON-02CF-03,NA,NA,NA,NA
14002808902,McCharles Lake - Vermilion River,46.47269,-80.9962,NA,NA,NA,21.33,NA,NA,NA,02CF,ON-02CF-02,NA,NA,NA,NA
14002809002,McCharles Lake - Vermilion River,46.43383,-81.28167,NA,NA,NA,23.02,NA,NA,NA,02CF,ON-02CF-02,NA,NA,NA,NA
14002809102,Cascade Falls - Vermilion River,46.52354,-81.19624,NA,NA,NA,22.78,NA,NA,NA,02CF,ON-02CF-03,NA,NA,NA,NA
16008700502,Kettle Creek,42.78718,-81.26733,83.1,770,8.17,22.87,NO,YES,NO,02GC,ON-02GC-09,0.134,YES,4.48,YES
16008700602,Kettle Creek,42.70748,-81.19759,33.2,549,9.31,24.63,NO,YES,NO,02GC,ON-02GC-09,0.054,YES,1.215,NO
16008701002,Kettle Creek,42.69273,-81.21758,84.3,720,9.15,23.59,NO,YES,NO,02GC,ON-02GC-09,0.171,YES,5.34,YES
16008701502,Kettle Creek,42.81367,-81.17261,40.7,620,8.31,22.09,NO,YES,NO,02GC,ON-02GC-09,0.082,YES,2.045,NO
16010900702,Rock's Mills Dam - Big Otter Creek,42.96593,-80.54253,27.8,592,9.47,17.48,NO,YES,NO,02GC,ON-02GC-07,0.053,YES,4.33,YES
16010900802,Little Otter Creek - Big Otter Creek,42.71095,-80.84016,34.1,599,9.82,19.32,NO,YES,NO,02GC,ON-02GC-06,0.05,YES,3.96,YES
16010901002,Rock's Mills Dam - Big Otter Creek,42.93289,-80.66202,43.4,622,10.23,21.6,NO,YES,NO,02GC,ON-02GC-07,0.066,YES,4.79,YES
16012401102,Big Creek Marsh - Big Creek,42.68583,-80.53843,26.3,583,9.81,19.03,NO,YES,NO,02GC,ON-02GC-03,0.031,YES,3.54,YES
16012401202,Big Creek Marsh - Big Creek,42.98726,-80.44486,25.4,671,9.14,19.36,NO,YES,NO,02GC,ON-02GC-05,0.038,YES,3.215,YES
16012401402,Teeterville Dam - Big Creek,42.77904,-80.47588,22.9,509,10.47,13.35,NO,YES,NO,02GC,ON-02GC-04,0.016,NO,3.055,YES
16015900302,Black Creek - Lynn River,42.82338,-80.28893,57.9,723,10.16,17.29,NO,YES,NO,02GC,ON-02GC-02,0.039,YES,3.57,YES
16015901002,Black Creek - Lynn River,42.83521,-80.36722,27.3,548,9.66,16.08,NO,YES,NO,02GC,ON-02GC-02,0.013,NO,2.69,NO
16016400102,Nanticoke Creek,42.80999,-80.07651,42.3,555.5,12,24.6,NO,YES,NO,02GC,ON-02GC-01,0.094,YES,1.25,NO
16018400902,Charlie Creek - Nith River Outlet,43.19221,-80.38292,44.1,NA,10.93,23.9,NO,NA,NO,02GA,ON-02GA-05,0.018,NO,3.02,YES
16018401002,Mill Creek - Grand River,43.27898,-80.34339,107,773,13.38,24.98,NO,YES,NO,02GA,ON-02GA-01,0.031,YES,3.63,YES
16018401202,Mill Creek - Grand River,43.3866,-80.3868,80.3,681,10.35,22.14,NO,YES,NO,02GA,ON-02GA-01,0.046,YES,3.525,YES
16018401502,Schneider Creek - Grand River,43.4818,-80.48175,30.8,505.5,12.06,23.48,NO,YES,NO,02GA,ON-02GA-02,0.026,NO,2.195,NO
16018401602,Cox Creek - Grand River,43.58475,-80.53462,82.3,754,11.36,22.51,NO,YES,NO,02GA,ON-02GA-03,0.115,YES,3.81,YES
16018402702,Caledonia Dam - Grand River,43.10974,-80.24491,91.3,789,11.13,23.58,NO,YES,NO,02GB,ON-02GB-03,0.024,NO,3.385,YES
16018402902,Conestogo River,43.52485,-80.5144,27.9,NA,12.21,23.82,NO,NA,NO,02GA,ON-02GA-07,0.036,YES,3.33,YES
16018403202,Alder Creek - Nith River,43.37548,-80.67888,45,NA,8.97,NA,NO,NA,NO,02GA,ON-02GA-06,0.061,YES,2.97,NO
16018403302,Charlie Creek - Nith River Outlet,43.27486,-80.47478,52.6,NA,12.05,NA,NO,NA,NO,02GA,ON-02GA-05,0.02,NO,3.325,YES
16018403402,Ellis Creek - Speed River,43.53362,-80.25302,49.4,598,10.29,20.67,NO,YES,NO,02GA,ON-02GA-09,0.021,NO,0.843,NO
16018403502,Grand River Outlet,42.90027,-79.61985,87.8,814,10.15,24.75,NO,YES,NO,02GB,ON-02GB-01,0.072,YES,3.15,YES
16018403602,Ellis Creek - Speed River,43.48425,-80.28215,139,919,8.47,19.95,YES,YES,NO,02GA,ON-02GA-09,0.038,YES,4.85,YES
16018403702,West Montrose - Grand River,43.72484,-80.34399,16.2,NA,10.89,20.5,NO,NA,NO,02GA,ON-02GA-04,0.034,YES,1.36,NO
16018404102,Schneider Creek - Grand River,43.42201,-80.41048,67.5,596,10.37,NA,NO,YES,NO,02GA,ON-02GA-02,0.024,NO,2.23,NO
16018405102,Cox Creek - Grand River,43.61625,-80.56016,25.5,NA,9.74,23.2,NO,NA,NO,02GA,ON-02GA-03,0.149,YES,2.69,NO
16018405202,Cox Creek - Grand River,43.63461,-80.58016,21.9,NA,9.44,NA,NO,NA,NO,02GA,ON-02GA-03,0.158,YES,3.695,YES
16018406702,Lake Belwood - Grand River,43.8617,-80.27243,17.6,NA,11.65,22.15,NO,NA,NO,02GA,ON-02GA-08,0.022,NO,0.554,NO
16018407402,Smith Creek - Nith River,43.48414,-80.83529,30.6,NA,10.77,22.68,NO,NA,NO,02GA,ON-02GA-14,0.04,YES,2.96,NO
16018407502,Conestogo Lake - Conestogo River,43.75687,-80.66993,27.7,NA,10.97,22.63,NO,NA,NO,02GA,ON-02GA-10,0.045,YES,3.745,YES
16018407702,Conestogo River,43.65483,-80.70207,19.8,NA,12.23,20.38,NO,NA,NO,02GA,ON-02GA-07,0.074,YES,3.5,YES
16018409002,Black Creek - Grand River,43.96723,-80.35495,11.1,NA,10.94,22.21,NO,NA,NO,02GA,ON-02GA-13,0.024,NO,1.34,NO
16018409102,Conestogo Lake - Conestogo River,43.75763,-80.74877,24.5,NA,13.36,24.08,NO,NA,NO,02GA,ON-02GA-10,0.037,YES,2.67,NO
16018409202,Holmes Creek - Grand River,43.02193,-79.892,92.5,NA,10.24,23.33,NO,NA,NO,02GB,ON-02GB-02,0.042,YES,3.44,YES
16018409302,Fairchild Creek,43.14897,-80.17155,67.3,728,7.9,20.65,NO,YES,NO,02GB,ON-02GB-05,0.119,YES,1.24,NO
16018409902,Guelph Lake - Speed River,43.63993,-80.27013,28.7,NA,10.75,19.69,NO,NA,NO,02GA,ON-02GA-11,0.012,NO,1.32,NO
16018410102,Ellis Creek - Speed River,43.39967,-80.36561,137,NA,9.53,21.63,YES,NA,NO,02GA,ON-02GA-09,0.029,NO,3.74,YES
16018410202,Eramosa River,43.54792,-80.1824,38.4,NA,9.62,19.11,NO,NA,NO,02GA,ON-02GA-16,0.012,NO,0.987,NO
16018410302,West Montrose - Grand River,43.58811,-80.47062,26.1,NA,12.58,22.92,NO,NA,NO,02GA,ON-02GA-04,0.02,NO,1.755,NO
16018410402,Irvine Creek,43.69545,-80.44782,27.4,NA,11.17,21.75,NO,NA,NO,02GA,ON-02GA-18,0.02,NO,2.32,NO
16018410602,Whitemans Creek,43.1261,-80.3837,39.2,NA,11.02,19.01,NO,NA,NO,02GB,ON-02GB-04,0.023,NO,3.835,YES
16018410602,Whitemans Creek,43.1261,-80.3837,39.2,700.5,11.02,19.01,NO,YES,NO,02GB,ON-02GB-04,0.023,NO,3.835,YES
16018411702,Schneider Creek - Grand River,43.39381,-80.41612,222,1320,10.51,20.3,YES,YES,NO,02GA,ON-02GA-02,0.021,NO,0.76,NO
16018412602,Guelph Lake - Speed River,43.58794,-80.27398,27.5,NA,10.63,21.03,NO,NA,NO,02GA,ON-02GA-11,0.021,NO,0.821,NO
16018412702,Conestogo River,43.55904,-80.63497,38.2,NA,12.4,23.84,NO,NA,NO,02GA,ON-02GA-07,0.063,YES,1.83,NO
16018412802,Big Creek,43.09605,-80.03049,96.8,NA,9.2,22.95,NO,NA,NO,02GB,ON-02GB-08,0.057,YES,2.315,NO
16018412902,McKenzie Creek,43.02365,-79.91486,34.5,NA,9.29,23.93,NO,NA,NO,02GB,ON-02GB-06,0.081,YES,0.652,NO
16018413002,Schneider Creek - Grand River,43.48238,-80.48335,266.5,NA,11.21,22.76,YES,NA,NO,02GA,ON-02GA-02,0.036,YES,0.739,NO
16018413102,Mill Creek - Grand River,43.41308,-80.22687,64,NA,9.69,17.1,NO,NA,NO,02GA,ON-02GA-01,0.011,NO,0.8,NO
16018415502,Alder Creek - Nith River,43.35519,-80.66507,59.9,NA,11.46,NA,NO,NA,NO,02GA,ON-02GA-06,0.053,YES,1.76,NO
17000600102,Aldophus Reach - Bay of Quinte,44.08825,-76.88544,9.8,291,3.75,22,NO,NO,YES,0209,ON-029C-01,0.078,YES,NA,NA
17000800102,Aldophus Reach - Bay of Quinte,44.00474,-77.12621,20.8,437,9.76,NA,NO,NO,NO,0209,ON-029C-01,0.013,NO,NA,NA
17000800202,Aldophus Reach - Bay of Quinte,44.0086,-77.13656,87.1,727,8.16,NA,NO,YES,NO,0209,ON-029C-01,0.044,YES,5.07,YES
17000900102,Aldophus Reach - Bay of Quinte,44.01696,-77.13611,71.1,797,6.83,NA,NO,YES,NO,0209,ON-029C-01,0.031,YES,NA,NA
17001400102,Telegraph Narrows - Bay of Quinte,44.09081,-77.21061,5.9,293,8.71,NA,NO,NO,NO,0209,ON-029C-02,0.032,YES,NA,NA
17001600102,Telegraph Narrows - Bay of Quinte,44.10396,-77.3947,12.6,395,2.3,NA,NO,NO,YES,0209,ON-029C-02,0.103,YES,NA,NA
17002100302,Crowe Lake - Crowe River,44.48157,-77.68517,6.3,178,8.73,23.56,NO,NO,NO,02HK,ON-02HK-03,0.011,NO,NA,NA
17002100702,Ouse River,44.38066,-77.97732,14,429,9.58,23.09,NO,NO,NO,02HJ,ON-02HJ-04,0.015,NO,0.18,NO
17002100802,Otonabee River Outlet,44.20638,-78.2788,14.3,232,9.24,23.93,NO,NO,NO,02HJ,ON-02HJ-02,0.019,NO,0.198,NO
17002101602,Stony Lake - Katchewanooka Lake,44.48733,-78.23462,11,200,9.23,24.21,NO,NO,NO,02HH,ON-02HH-01,0.014,NO,0.174,NO
17002101702,Stony Lake - Katchewanooka Lake,44.55705,-78.20502,11.1,198,9.04,24.65,NO,NO,NO,02HH,ON-02HH-01,0.014,NO,NA,NA
17002101802,Burleigh Falls Dam - Lower Buckhorn Lake,44.55468,-78.34459,12,213,9.35,24.48,NO,NO,NO,02HH,ON-02HH-02,0.014,NO,NA,NA
17002102102,Bobcaygeon River,44.5386,-78.54622,12.3,200,9.44,24.58,NO,NO,NO,02HH,ON-02HH-04,0.014,NO,0.183,NO
17002102302,Bobcaygeon River,44.53516,-78.73753,7.2,137.5,9.67,24.36,NO,NO,NO,02HH,ON-02HH-04,0.009,NO,NA,NA
17002102502,Coboconk Dam - Gull River,44.65847,-78.79674,6.1,79,9.77,24.41,NO,NO,NO,02HF,ON-02HF-03,0.008,NO,0.118,NO
17002103802,Lock 19 - Otanabee River,44.29952,-78.32067,41.9,554.5,9.75,18.79,NO,YES,NO,02HJ,ON-02HJ-03,0.035,YES,0.361,NO
17002104102,Bobcaygeon River,44.39552,-78.7535,40.2,460,9.43,23.45,NO,NO,NO,02HH,ON-02HH-04,0.025,NO,0.461,NO
17002104602,Cold Creek,44.20104,-77.5957,15.4,458,10.31,22.94,NO,NO,NO,02HK,ON-02HK-09,0.024,NO,0.573,NO
17002105202,Burleigh Falls Dam - Lower Buckhorn Lake,44.56394,-78.34054,2.5,60,9.17,23.81,NO,NO,NO,02HH,ON-02HH-02,0.007,NO,NA,NA
17002105402,Cameron Lake Dam - Fenelon River,44.57366,-78.78595,6.3,122,9.88,24.71,NO,NO,NO,02HF,ON-02HF-01,0.009,NO,NA,NA
17002105702,Crowe Bay Dam - Trent River,44.37636,-77.78641,15,252.5,8.89,24.94,NO,NO,NO,02HK,ON-02HK-02,0.017,NO,0.213,NO
17002106502,Lock 19 - Otanabee River,44.40075,-78.26287,11.5,209.5,9.28,24.15,NO,NO,NO,02HJ,ON-02HJ-03,0.016,NO,0.141,NO
17002106702,Crowe Bay Dam - Trent River,44.30809,-77.95612,14.8,247.5,9.65,24.97,NO,NO,NO,02HJ,ON-02HK-02,0.018,NO,0.141,NO
17002106802,Mayhew Creek - Trent River Outlet,44.10583,-77.57936,14.1,265.5,9.01,24.68,NO,NO,NO,02HK,ON-02HK-01,0.02,NO,0.185,NO
17002107002,Lock 19 - Otanabee River,44.28881,-78.30763,12.2,210,9.34,23.98,NO,NO,NO,02HJ,ON-02HJ-03,0.017,NO,0.18,NO
17002107102,Mayhew Creek - Trent River Outlet,44.19961,-77.81872,12.2,479.5,11.27,21.21,NO,NO,NO,02HK,ON-02HK-01,0.031,YES,1,NO
17002107402,Pigeon Lake - Gannon Narrows,44.34198,-78.5417,14.5,386,9.45,24.62,NO,NO,NO,02HH,ON-02HH-03,0.018,NO,NA,NA
17002107502,Goose Lake - Burnt River,44.74054,-78.65937,7,112,9.98,23.16,NO,NO,NO,02HF,ON-02HF-02,0.009,NO,NA,NA
17002107702,Otonabee River Outlet,44.13534,-78.45733,6.7,407.5,11,14.14,NO,NO,NO,02HJ,ON-02HJ-02,0.017,NO,0.789,NO
17002108602,Cordova Lake Dam - Crowe River,44.77074,-77.88165,8.7,167,8.85,21.74,NO,NO,NO,02HK,ON-02HK-04,0.019,NO,NA,NA
17002109202,Kasshabog Lake - North River,44.5268,-77.89834,8.1,160,8.5,23.11,NO,NO,NO,02HK,ON-02HK-15,0.013,NO,NA,NA
17002109502,Dickey Creek - Beaver Creek,44.53392,-77.69752,2.5,194,9.28,NA,NO,NO,NO,02HK,ON-02HK-05,0.019,NO,NA,NA
17002111802,Mayhew Creek - Trent River Outlet,44.26366,-77.59664,13.3,252,9.16,25.11,NO,NO,NO,02HK,ON-02HK-01,0.02,NO,0.255,NO
17002111902,Mariposa Brook,44.28545,-78.82009,27.9,566.5,7.47,22.35,NO,YES,NO,02HG,ON-02HG-02,0.021,NO,2.1,NO
17002112802,Mayhew Creek - Trent River Outlet,44.1099,-77.59454,47.7,520.5,8.9,22.05,NO,YES,NO,02HK,ON-02HK-01,0.025,NO,0.28,NO
17002113002,Lake Scugog - Scugog River,44.32767,-78.73028,29,401,9.42,24.01,NO,NO,NO,02HG,ON-02HG-01,0.026,NO,0.61,NO
17002113302,Cold Creek,44.13469,-77.78686,12.4,434.5,11.82,21.31,NO,NO,NO,02HK,ON-02HK-09,0.02,NO,0.508,NO
17002113602,Nonquon River,44.20023,-78.94943,42.5,577.5,6.69,21.62,NO,YES,NO,02HG,ON-02HG-04,0.04,YES,0.409,NO
17002113702,Lake Scugog - Scugog River,44.13188,-78.82888,37.8,597,9.85,18.31,NO,YES,NO,02HG,ON-02HG-01,0.044,YES,1.45,NO
17002113802,Mississagua River,44.77755,-78.29349,1.4,29,9.12,21.19,NO,NO,NO,02HH,ON-02HH-05,0.016,NO,NA,NA
17002113902,Mississagua River,44.72518,-78.24072,1.6,35,9.32,22.89,NO,NO,NO,02HH,ON-02HH-05,0.005,NO,NA,NA
17002114002,Cavan Creek,44.22697,-78.39655,23.1,495.5,9.32,20.65,NO,NO,NO,02HJ,ON-02HJ-06,0.022,NO,0.42,NO
17002114102,Indian River,44.31042,-78.1602,13.3,265,9.65,24.69,NO,NO,NO,02HJ,ON-02HJ-05,0.016,NO,NA,NA
17002114202,Ouse River,44.31631,-78.05433,14.5,403,10.55,25.56,NO,NO,NO,02HJ,ON-02HJ-04,0.021,NO,0.166,NO
17002114302,Ouse River,44.32724,-78.04177,20.4,479,9.6,22.37,NO,NO,NO,02HJ,ON-02HJ-04,0.021,NO,0.74,NO
17002114402,Otonabee River Outlet,44.25876,-78.33458,14.3,223.5,9.02,23.64,NO,NO,NO,02HJ,ON-02HJ-02,0.021,NO,0.259,NO
17002114502,Chandos Lake - Crowe River,44.83937,-77.92419,8,165,8.58,21.39,NO,NO,NO,02HK,ON-02HK-06,0.024,NO,NA,NA
17002115602,Mayhew Creek - Trent River Outlet,44.30643,-77.8067,18.3,522,10.66,22.09,NO,YES,NO,02HK,ON-02HK-01,0.073,YES,0.396,NO
17002115702,Percy Creek,44.22442,-77.8393,12.3,442,11.5,22.51,NO,NO,NO,02HK,ON-02HK-10,0.02,NO,0.332,NO
17002600102,Palliser Creek - Moira River Outlet,44.16535,-77.38647,10.3,270.5,9.4,NA,NO,NO,NO,02HL,ON-02HL-01,0.015,NO,NA,NA
17002600202,Palliser Creek - Moira River Outlet,44.20605,-77.39321,9,258,9.03,NA,NO,NO,NO,02HL,ON-02HL-01,0.014,NO,NA,NA
17002600302,Latta Falls - Moira River,44.45845,-77.29847,6.7,190.5,9.12,NA,NO,NO,NO,02HL,ON-02HL-02,0.018,NO,NA,NA
17002600402,Latta Falls - Moira River,44.45752,-77.27672,6.3,192,9.04,NA,NO,NO,NO,02HL,ON-02HL-02,0.017,NO,NA,NA
17002600602,Latta Falls - Moira River,44.4789,-77.30962,5.5,164,9.31,NA,NO,NO,NO,02HL,ON-02HL-02,0.015,NO,NA,NA
17002600702,Clare River,44.48091,-77.27069,5.7,290,7.23,NA,NO,NO,NO,02HL,ON-02HL-07,0.02,NO,NA,NA
17002600902,Skootamatta River,44.54924,-77.32831,3.4,68,8.62,NA,NO,NO,NO,02HL,ON-02HL-03,0.015,NO,NA,NA
17002601002,Black River,44.53958,-77.36943,2,95,8.63,NA,NO,NO,NO,02HL,ON-02HL-05,0.014,NO,NA,NA
17002601101,Moira Lake at Downey's Weir - Moira River,44.47836,-77.46816,9.2,292,9.12,NA,NO,NO,NO,02HL,ON-02HL-04,0.018,NO,NA,NA
17002601202,Moira Lake at Downey's Weir - Moira River,44.49954,-77.47331,19.3,455,10.42,NA,NO,NO,NO,02HL,ON-02HL-04,0.019,NO,0.161,NO
17002601302,Moira Lake at Downey's Weir - Moira River,44.49961,-77.61789,8.8,265,10.04,NA,NO,NO,NO,02HL,ON-02HL-04,0.019,NO,0.15,NO
17002601902,Deloro Ruins - Moira RIver,44.56277,-77.60304,8.3,259,9.36,NA,NO,NO,NO,02HL,ON-02HL-08,0.017,NO,0.179,NO
17002602302,Moira Lake at Downey's Weir - Moira River,44.50971,-77.39072,8.9,267.5,8.98,NA,NO,NO,NO,02HL,ON-02HL-04,0.016,NO,NA,NA
17003100102,Fisher Creek - Salmon River Outlet,44.19624,-77.2294,7.6,262.5,8.86,NA,NO,NO,NO,02HM,ON-02HM-02,0.016,NO,NA,NA
17003500202,Napanee River Outlet,44.2777,-76.92818,10.2,250.5,8.45,NA,NO,NO,NO,02HM,ON-02HM-01,0.024,NO,NA,NA
17003500402,Napanee River Outlet,44.32345,-76.87528,8.2,224.5,9.12,NA,NO,NO,NO,02HM,ON-02HM-01,0.022,NO,NA,NA
17003700302,Wilton Creek - Little Creek,44.23925,-76.84914,43.6,579,8.83,NA,NO,YES,NO,02HM,ON-02HM-08,0.023,NO,0.27,NO
18000017002,Chaudière Falls - Ottawa River,45.47495,-76.23814,NA,NA,NA,24.21,NA,NA,NA,02KF,ON-02KF-01,NA,NA,NA,NA
18000036002,Mattawa River - Ottawa River,46.37871,-78.72896,NA,NA,NA,19.22,NA,NA,NA,02JE,ON-02JE-01,NA,NA,NA,NA
18003300302,Kemptville Creek,45.02736,-75.64159,NA,NA,NA,24.01,NA,NA,NA,02LA,ON-02LA-08,NA,NA,NA,NA
18003300802,Tay River,44.89281,-76.19725,NA,NA,NA,24.84,NA,NA,NA,02LA,ON-02LA-06,NA,NA,NA,NA
18003302302,Tay River,44.75978,-76.51957,NA,NA,NA,25.08,NA,NA,NA,02LA,ON-02LA-06,NA,NA,NA,NA
18003302602,Burritts Rapids Dam - Rideau River,44.88737,-75.9273,NA,NA,NA,25.04,NA,NA,NA,02LA,ON-02LA-03,NA,NA,NA,NA
18003302902,Stevens Creek - Rideau River,45.1619,-75.6339,NA,NA,NA,24.81,NA,NA,NA,02LA,ON-02LA-02,NA,NA,NA,NA
18003303102,Rideau Falls - Rideau River,45.3707,-75.69654,NA,NA,NA,24.07,NA,NA,NA,02LA,ON-02LA-01,NA,NA,NA,NA
18003303402,Rideau Falls - Rideau River,45.43743,-75.67854,NA,NA,NA,23.44,NA,NA,NA,02LA,ON-02LA-01,NA,NA,NA,NA
18003303502,Burritts Rapids Dam - Rideau River,44.95114,-75.81948,NA,NA,NA,24.62,NA,NA,NA,02LA,ON-02LA-03,NA,NA,NA,NA
18003303602,Jock River,45.24921,-75.79081,NA,NA,NA,22.34,NA,NA,NA,02LA,ON-02LA-07,NA,NA,NA,NA
18003303702,Rideau Falls - Rideau River,45.24858,-75.70466,NA,NA,NA,25.09,NA,NA,NA,02LA,ON-02LA-01,NA,NA,NA,NA
18207000702,Scotch River,45.37543,-74.94767,NA,NA,NA,22.05,NA,NA,NA,02LB,ON-02LB-12,NA,NA,NA,NA
18207000802,Horse Creek - South Nation River,45.44486,-75.06109,NA,NA,NA,21.58,NA,NA,NA,02LB,ON-02LB-05,NA,NA,NA,NA
18207002002,Horse Creek - South Nation River,45.5592,-75.06332,NA,NA,NA,24.93,NA,NA,NA,02LB,ON-02LB-05,NA,NA,NA,NA
18207006002,Scotch River,45.374,-74.90711,NA,NA,NA,21.74,NA,NA,NA,02LB,ON-02LB-12,NA,NA,NA,NA
18207010002,Casselman Weir - South Nation River,45.31853,-75.09253,NA,NA,NA,24.68,NA,NA,NA,02LB,ON-02LB-06,NA,NA,NA,NA
18207014502,Castor River,45.26243,-75.34362,NA,NA,NA,22.71,NA,NA,NA,02LB,ON-02LB-08,NA,NA,NA,NA
18207015002,Chesterville Dam - South Nation River,44.77975,-75.58636,NA,NA,NA,21.43,NA,NA,NA,02LB,ON-02LB-10,NA,NA,NA,NA
18207016002,Chesterville Dam - South Nation River,45.10188,-75.22883,NA,NA,NA,24.4,NA,NA,NA,02LB,ON-02LB-07,NA,NA,NA,NA
18337012102,Carp River,45.41751,-76.19845,NA,NA,NA,23.17,NA,NA,NA,02KF,ON-02KF-02,NA,NA,NA,NA
18343000102,Buckshot Creek,44.96844,-76.96598,NA,NA,NA,20.07,NA,NA,NA,02KF,ON-02KF-10,NA,NA,NA,NA
18343000202,Indian River,45.24536,-76.26013,NA,NA,NA,21.94,NA,NA,NA,02KF,ON-02KF-11,NA,NA,NA,NA
18343000302,Fall River,44.77489,-76.64033,NA,NA,NA,23.91,NA,NA,NA,02KF,ON-02KF-07,NA,NA,NA,NA
18343003002,Cartwrights Creek - Mississippi River,45.42325,-76.25247,NA,NA,NA,24.25,NA,NA,NA,02KF,ON-02KF-03,NA,NA,NA,NA
18343003402,Cartwrights Creek - Mississippi River,45.33562,-76.28699,NA,NA,NA,23.74,NA,NA,NA,02KF,ON-02KF-03,NA,NA,NA,NA
18343006102,Cartwrights Creek - Mississippi River,45.18142,-76.12534,NA,NA,NA,24.74,NA,NA,NA,02KF,ON-02KF-03,NA,NA,NA,NA
18343017502,Long Sault Creek - Mississippi River,44.97243,-76.53898,NA,NA,NA,24.84,NA,NA,NA,02KF,ON-02KF-05,NA,NA,NA,NA
18343023002,Crotch Lake - Mississippi River,44.8502,-77.16923,NA,NA,NA,23.67,NA,NA,NA,02KF,ON-02KF-08,NA,NA,NA,NA
18343052002,Clyde River,45.01245,-76.36412,NA,NA,NA,23.35,NA,NA,NA,02KF,ON-02KF-06,NA,NA,NA,NA
18343061002,Fall River,44.94763,-76.41068,NA,NA,NA,23.88,NA,NA,NA,02KF,ON-02KF-07,NA,NA,NA,NA
18349002002,Lake Madawaska - Madawaska River,45.43452,-76.34969,NA,NA,NA,22.66,NA,NA,NA,02KE,ON-02KE-01,NA,NA,NA,NA
18369001002,McCrearys Point - Bonnechere River,45.51443,-76.5567,NA,NA,NA,23.63,NA,NA,NA,02KC,ON-02KC-04,NA,NA,NA,NA
18607002002,Chant Plain Lake - Mattawa River,46.318600000000004,-78.70701,NA,NA,NA,23.77,NA,NA,NA,02JE,ON-02JE-05,NA,NA,NA,NA
18607006002,Talon Lake Dam - Mattawa River,46.26983,-79.14253,NA,NA,NA,22.96,NA,NA,NA,02JE,ON-02JE-11,NA,NA,NA,NA
18607008002,Smith Lake - Amable du Fond River,46.28671,-78.90429,NA,NA,NA,24.56,NA,NA,NA,02JE,ON-02JE-08,NA,NA,NA,NA
19006400102,Sandy Falls - Mattagami River,48.49387,-81.3604,NA,NA,NA,20.41,NA,NA,NA,04LA,ON-04LA-01,NA,NA,NA,NA
19006400402,Porcupine River,48.54984,-81.05481,NA,NA,NA,20.07,NA,NA,NA,04MD,ON-04MD-08,NA,NA,NA,NA
19006401420,Sandy Falls - Mattagami River,48.47479,-81.3532,NA,NA,NA,20.41,NA,NA,NA,04LA,ON-04LA-01,NA,NA,NA,NA
19006404502,Porcupine River,48.48243,-81.22227,NA,NA,NA,18.93,NA,NA,NA,04MD,ON-04MD-08,NA,NA,NA,NA
3001600302,Sydenham River,44.52218,-80.93089,NA,NA,NA,19.15,NA,NA,NA,02FB,ON-02FB-04,NA,NA,NA,NA
3003000202,Bighead River,44.56988,-80.6485,NA,NA,NA,21.34,NA,NA,NA,02FB,ON-02FB-02,NA,NA,NA,NA
3003600502,Eugenia Lake - Beaver River,44.27959,-80.54586,NA,NA,NA,18.19,NA,NA,NA,02FB,ON-02FB-03,NA,NA,NA,NA
3003600902,Eugenia Lake - Beaver River,44.34604,-80.54015,NA,NA,NA,20.4,NA,NA,NA,02FB,ON-02FB-03,NA,NA,NA,NA
3003601002,Beaver River Outlet,44.52028,-80.46674,NA,NA,NA,21.68,NA,NA,NA,02FB,ON-02FB-01,NA,NA,NA,NA
3005700702,Boyne River,44.16306,-79.82949,NA,NA,NA,22.32,NA,NA,NA,02ED,ON-02ED-11,NA,NA,NA,NA
3005701002,Pine River,44.31855,-79.88647,NA,NA,NA,19.66,NA,NA,NA,02ED,ON-02ED-06,NA,NA,NA,NA
3005702102,Mad River,44.3052,-80.00168,NA,NA,NA,19.4,NA,NA,NA,02ED,ON-02ED-09,NA,NA,NA,NA
3005702502,Nottawasaga River Outlet,44.47548,-80.00713,NA,NA,NA,22.05,NA,NA,NA,02ED,ON-02ED-01,NA,NA,NA,NA
3005702802,Nicholston Dam - Nottawasaga River,44.02453,-79.96972,NA,NA,NA,17.75,NA,NA,NA,02ED,ON-02ED-07,NA,NA,NA,NA
3005702902,Bear Creek - Nottawasaga River,44.24946,-79.8216,NA,NA,NA,22.44,NA,NA,NA,02ED,ON-02ED-05,NA,NA,NA,NA
3005703002,Willow Creek,44.42214,-79.82357,NA,NA,NA,17.61,NA,NA,NA,02ED,ON-02ED-10,NA,NA,NA,NA
3005703102,Innisfil Creek,44.13109,-79.7964,NA,NA,NA,21.51,NA,NA,NA,02ED,ON-02ED-08,NA,NA,NA,NA
3005703202,Innisfil Creek,44.12334,-79.75892,NA,NA,NA,22.54,NA,NA,NA,02ED,ON-02ED-08,NA,NA,NA,NA
3005703302,Nottawasaga River Outlet,44.46734,-80.04784,NA,NA,NA,16.32,NA,NA,NA,02ED,ON-02ED-01,NA,NA,NA,NA
3005703402,Mad River,44.36138,-79.94164,NA,NA,NA,21.73,NA,NA,NA,02ED,ON-02ED-09,NA,NA,NA,NA
3005703502,Bear Creek - Nottawasaga River,44.3301,-79.85476,NA,NA,NA,17.94,NA,NA,NA,02ED,ON-02ED-05,NA,NA,NA,NA
3005703602,Willow Creek,44.41882,-79.82062,NA,NA,NA,18.78,NA,NA,NA,02ED,ON-02ED-10,NA,NA,NA,NA
3005703702,Marl Creek - Nottawasaga River,44.45714,-79.85497,NA,NA,NA,17.1,NA,NA,NA,02ED,ON-02ED-04,NA,NA,NA,NA
3007700202,Holland River,44.11324,-79.54584,NA,NA,NA,23.24,NA,NA,NA,02EC,ON-02EC-06,NA,NA,NA,NA
3007700702,Holland River East Branch,44.0222,-79.47286,NA,NA,NA,18.28,NA,NA,NA,02EC,ON-02EC-14,NA,NA,NA,NA
3007702102,Black River,44.16663,-79.32748,NA,NA,NA,21.66,NA,NA,NA,02EC,ON-02EC-10,NA,NA,NA,NA
3007702802,Lake Simcoe,44.37225,-79.6513,NA,NA,NA,19.84,NA,NA,NA,02EC,ON-02EC-03,NA,NA,NA,NA
3007702902,Holland River,44.01386,-79.6791,NA,NA,NA,19.54,NA,NA,NA,02EC,ON-02EC-06,NA,NA,NA,NA
3007703502,Pefferlaw River,44.13776,-79.1126,NA,NA,NA,18.98,NA,NA,NA,02EC,ON-02EC-07,NA,NA,NA,NA
3007703602,Lake Simcoe,44.49636,-79.46685,NA,NA,NA,19.18,NA,NA,NA,02EC,ON-02EC-03,NA,NA,NA,NA
3007703802,Black River,44.30474,-79.36043,NA,NA,NA,23.66,NA,NA,NA,02EC,ON-02EC-10,NA,NA,NA,NA
3007703902,Holland River East Branch,44.09483,-79.48995,NA,NA,NA,21.38,NA,NA,NA,02EC,ON-02EC-14,NA,NA,NA,NA
3007704002,Pefferlaw River,44.31673,-79.20138,NA,NA,NA,23.09,NA,NA,NA,02EC,ON-02EC-07,NA,NA,NA,NA
3007704102,Beaver River,44.4303,-79.1551,NA,NA,NA,23.85,NA,NA,NA,02EC,ON-02EC-11,NA,NA,NA,NA
3013301302,Lake Nipissing,46.32852,-79.50328,NA,NA,NA,20.37,NA,NA,NA,02DD,ON-02DD-05,NA,NA,NA,NA
3013301902,Lake Nipissing,46.30044,-79.46142,NA,NA,NA,17.75,NA,NA,NA,02DD,ON-02DD-05,NA,NA,NA,NA
3013303002,Wasi River,46.1966,-79.36637,NA,NA,NA,21.96,NA,NA,NA,02DD,ON-02DD-14,NA,NA,NA,NA
3013400102,McVittie Dam - Wanapitei River,46.39508,-80.80043,NA,NA,NA,22.9,NA,NA,NA,02DB,ON-02DB-02,NA,NA,NA,NA
3013400302,Corniston Dam - Wanapitei River,46.5299,-80.74368,NA,NA,NA,19.2,NA,NA,NA,02DB,ON-02DB-03,NA,NA,NA,NA
3013401802,Warford's Bay - Wanapitei River,46.90333,-80.83871,NA,NA,NA,20.97,NA,NA,NA,02DA,ON-02DA-02,NA,NA,NA,NA
4001000302,Ruscom River,42.24356,-82.61438,66.6,690.5,8.53,22.93,NO,YES,NO,02GG,ON-02GGB11,0.161,YES,NA,NA
4001301402,Fanshawe Lake - North Thames River,43.04172,-81.18229,50.8,550,7.89,NA,NO,YES,NO,02GD,ON-02GD-02,0.093,YES,NA,NA
4001301602,Foldens Creek - Thames River,43.12634,-80.77928,105,844.5,8.99,22.14,NO,YES,NO,02GD,ON-02GD-06,0.127,YES,NA,NA
4001301702,Foldens Creek - Thames River,43.12742,-80.77084,97.4,837.5,8.92,21.72,NO,YES,NO,02GD,ON-02GD-06,0.06,YES,NA,NA
4001302502,Avon River,43.36606,-81.01867,145,1055,9.19,20.61,YES,YES,NO,02GD,ON-02GD-11,0.095,YES,NA,NA
4001302902,Dingman Creek,42.91415,-81.31366,148,852,7.67,21,YES,YES,NO,02GE,ON-02GE-09,0.067,YES,NA,NA
4001303302,Baptiste Creek,42.19264,-82.51681,83.9,782,8.21,NA,NO,YES,NO,02GE,ON-02GE-08,0.122,YES,NA,NA
4001304102,Middle Thames River,43.03142,-80.99849,34.4,638,12.52,22.19,NO,YES,NO,02GD,ON-02GD-08,0.025,NO,NA,NA
4001304202,Reynolds - Thames River,43.01864,-80.92691,108.5,878,10.78,NA,NO,YES,NO,02GD,ON-02GD-05,0.097,YES,NA,NA
4001304402,Whirl Creek - North Thames River,43.45059,-81.20725,53.8,646.5,9.11,22.11,NO,YES,NO,02GD,ON-02GD-07,0.078,YES,NA,NA
4001304702,Oxbow Creek - Thames River,42.93475,-81.42151,85,721.5,9.81,23.22,NO,YES,NO,02GE,ON-02GE-07,0.108,YES,NA,NA
4001305002,Fanshawe Lake - North Thames River,43.09624,-81.16854,52.4,566,8.42,NA,NO,YES,NO,02GD,ON-02GD-02,0.027,NO,NA,NA
4001305702,Cornwall Creek - Thames River,42.54025,-81.96322,43.8,745,8.98,NA,NO,YES,NO,02GE,ON-02GE-03,0.024,NO,NA,NA
4001305802,Cornwall Creek - Thames River,42.51392,-82.07167,78.5,707,9.65,24.65,NO,YES,NO,02GE,ON-02GE-03,0.101,YES,NA,NA
4001306302,Oxbow Creek - Thames River,42.93796,-81.44091,32,622.5,8.73,16.5,NO,YES,NO,02GE,ON-02GE-07,0.019,NO,NA,NA
4001306402,Trout Creek,43.26644,-81.08411,19.4,434,9.28,21.53,NO,NO,NO,02GD,ON-02GD-10,0.072,YES,NA,NA
4001306602,Trout Creek,43.25236,-80.98516,22.3,625.5,10.56,NA,NO,YES,NO,02GD,ON-02GD-10,0.062,YES,NA,NA
4001306802,Reynolds - Thames River,42.97334,-80.95213,32,627,8.27,NA,NO,YES,NO,02GD,ON-02GD-05,0.258,YES,NA,NA
4001307302,Newbiggen Creek - Thames River,42.71794,-81.66988,68.9,742,10.13,NA,NO,YES,NO,02GE,ON-02GE-05,0.1,YES,NA,NA
4001308002,Pittock Reservoir - Thames River,43.21543,-80.69162,69.5,743.5,11.97,NA,NO,YES,NO,02GD,ON-02GD-09,0.052,YES,NA,NA
4001308102,McGregor Creek -Thames River,42.38328,-82.09484,87.5,814,9.58,24.22,NO,YES,NO,02GE,ON-02GE-02,0.101,YES,NA,NA
4001308202,Jeannettes Creek - Thames River Outlet,42.35544,-82.32008,84,NA,9.14,24.19,NO,NA,NO,02GE,ON-02GE-01,0.073,YES,NA,NA
4001308202,Jeannettes Creek - Thames River Outlet,42.35544,-82.32008,84,720,9.14,24.19,NO,YES,NO,02GE,ON-02GE-01,0.073,YES,NA,NA
4001308302,Newbiggen Creek - Thames River,42.73154,-81.57772,84.4,743,9.56,NA,NO,YES,NO,02GE,ON-02GE-05,0.12,YES,NA,NA
4001308602,Oxbow Creek - Thames River,42.96306,-81.40697,37.8,616,9.94,NA,NO,YES,NO,02GE,ON-02GE-07,0.033,YES,NA,NA
4001308902,Otter Creek - North Thames River,43.2849,-81.17251,26.2,485,8.6,NA,NO,NO,NO,02GD,ON-02GD-04,0.032,YES,NA,NA
4001309002,Fish Creek,43.22063,-81.23681,22.4,513.5,8.06,NA,NO,YES,NO,02GD,ON-02GD-12,0.042,YES,NA,NA
4001309202,Black Creek,43.37517,-81.18445,34.3,522.5,9.17,NA,NO,YES,NO,02GD,ON-02GD-13,0.03,YES,NA,NA
4001309402,Otter Creek - North Thames River,43.27881,-81.16672,28.3,493,9.97,NA,NO,NO,NO,02GD,ON-02GD-04,0.025,NO,NA,NA
4001309502,Fanshawe Lake - North Thames River,43.16653,-81.18986,34.7,516,9.87,NA,NO,YES,NO,02GD,ON-02GD-02,0.044,YES,NA,NA
4001309602,Medway Creek - North Thames River,43.02232,-81.25201,96.8,768.5,8.52,NA,NO,YES,NO,02GD,ON-02GD-01,0.039,YES,NA,NA
4001309702,Waubuno Creek - Thames River,42.9945,-81.11663,25.8,555.5,10.57,NA,NO,YES,NO,02GD,ON-02GD-03,0.017,NO,NA,NA
4001309802,Fanshawe Lake - North Thames River,43.0695,-81.15827,47.5,614,8.78,NA,NO,YES,NO,02GD,ON-02GD-02,0.057,YES,NA,NA
4001310902,Fleming Creek - Thames River,42.63064,-81.77004,51,724.5,9.51,NA,NO,YES,NO,02GE,ON-02GE-04,0.036,YES,NA,NA
4001311002,Jeannettes Creek - Thames River Outlet,42.32508,-82.33001,47.1,597,7.93,NA,NO,YES,NO,02GE,ON-02GE-01,0.125,YES,NA,NA
4002700402,Nichol Creek - Bear Creek,42.8642,-82.16923,46.4,651.5,9.34,23,NO,YES,NO,02GG,ON-02GGB06,0.159,YES,NA,NA
4002700702,Gold Creek - Sydenham River,42.93127,-81.66791,46.9,679,8.59,20.12,NO,YES,NO,02GG,ON-02GGB09,0.078,YES,NA,NA
4002700802,Nichol Creek - Bear Creek,42.76408,-82.34158,39.3,623,8.5,23.9,NO,YES,NO,02GG,ON-02GGB06,0.191,YES,NA,NA
4002700902,Black Creek,42.78695,-82.17194,44.6,607,8.18,23.13,NO,YES,NO,02GG,ON-02GGB07,0.134,YES,NA,NA
4002701202,Hardy Creek - Sydenham River,42.83088,-81.85141,40.5,654,9.13,22.98,NO,YES,NO,02GG,ON-02GGB05,0.063,YES,NA,NA
4002701502,Gold Creek - Sydenham River,42.97589,-81.59343,35.7,642,9,19.68,NO,YES,NO,02GG,ON-02GGB09,0.044,YES,NA,NA
4002701602,Long Creek - Sydenham River,42.65068,-82.00877,38.5,615,9.34,23.94,NO,YES,NO,02GG,ON-02GGB02,0.066,YES,NA,NA
4002701702,Long Creek - Sydenham River,42.59179,-82.38763,24.6,425,10.09,24.8,NO,NO,NO,02GG,ON-02GGB02,0.06,YES,NA,NA
5000600202,Niagara River,42.96335,-79.021960000000007,44.7,504.5,7.11,NA,NO,YES,NO,02HA,ON-02HA-01,0.151,YES,NA,NA
6001700102,Welland Canal,43.20139,-79.2658,18.5,300,10.27,NA,NO,NO,NO,02HA,ON-02HA-03,0.023,NO,NA,NA
6001700702,Welland Canal,43.115,-79.27483,36.4,672,9.71,NA,NO,YES,NO,02HA,ON-02HA-03,0.045,YES,NA,NA
6001701002,Welland Canal,43.08751,-79.292,28.6,643.5,10.46,NA,NO,YES,NO,02HA,ON-02HA-03,0.031,YES,NA,NA
6001701102,Welland Canal,43.08731,-79.29167,47.6,740,10.4,NA,NO,YES,NO,02HA,ON-02HA-03,0.043,YES,NA,NA
6002400102,Jordan Harbour - Twenty Mile Creek,43.15202,-79.37449,68.1,784,9.92,NA,NO,YES,NO,02HA,ON-029A-01,0.119,YES,NA,NA
6002400802,Jordan Harbour - Twenty Mile Creek,43.13348,-79.38364,44.7,566,10.89,NA,NO,YES,NO,02HA,ON-029A-01,0.25,YES,NA,NA
6002400902,Jordan Harbour - Twenty Mile Creek,43.11561,-79.56651,79,805.5,10.68,NA,NO,YES,NO,02HA,ON-029A-01,0.167,YES,NA,NA
6006000402,Bronte Creek,43.46886,-80.073,38.3,622.5,9.17,19.41,NO,YES,NO,02HB,ON-02HB-02,0.034,YES,NA,NA
6006000702,Bronte Creek,43.39559,-79.7228,73.7,710.5,10.32,20.93,NO,YES,NO,02HB,ON-02HB-02,0.016,NO,NA,NA
6006000802,Bronte Creek,43.43466,-79.84738,87.9,738,9.37,20,NO,YES,NO,02HB,ON-02HB-02,0.039,YES,NA,NA
6006300102,Sixteen Mile Creek,43.44294,-79.67125,164,920,10.86,21.45,YES,YES,NO,02HB,ON-02HB-03,0.017,NO,NA,NA
6006301002,Sixteen Mile Creek,43.50115,-79.9522,129,924,10.47,21.75,YES,YES,NO,02HB,ON-02HB-03,0.009,NO,NA,NA
6006301102,Sixteen Mile Creek,43.49908,-79.77659,104.5,772,10.01,20.69,NO,YES,NO,02HB,ON-02HB-03,0.03,YES,NA,NA
6006301202,Sixteen Mile Creek,43.47418,-79.79842,169,1004.5,10.35,19.78,YES,YES,NO,02HB,ON-02HB-03,0.016,NO,NA,NA
6006301402,Sixteen Mile Creek,43.55475,-79.85686,43.3,593.5,10.5,19.99,NO,YES,NO,02HB,ON-02HB-03,0.026,NO,NA,NA
6007600302,Mary Fix Creek - Credit River,43.64721,-79.85628,96.4,765.5,10.66,21.14,NO,YES,NO,02HB,ON-02HB-04,0.022,NO,NA,NA
6007600402,Credit River West Branch - Credit River,43.64636,-79.86622,191,1160,10.85,20.39,YES,YES,NO,02HB,ON-02HB-05,0.043,YES,NA,NA
6007600502,Credit River West Branch - Credit River,43.62759,-80.02209,115.5,876.5,7.73,19.09,NO,YES,NO,02HB,ON-02HB-05,0.023,NO,NA,NA
6007600602,Little Credit River - Credit River,43.90965,-80.06325,222,1190,6.97,18.95,YES,YES,NO,02HB,ON-02HB-06,0.062,YES,NA,NA
6007600802,Credit River West Branch - Credit River,43.62923,-80.0104,170,1145,8.89,17,YES,YES,NO,02HB,ON-02HB-05,0.029,NO,NA,NA
6007601002,Credit River West Branch - Credit River,43.72381,-79.931,75.1,687.5,10.5,18.81,NO,YES,NO,02HB,ON-02HB-05,0.016,NO,NA,NA
6007601502,Little Credit River - Credit River,43.78374,-80.0348,48.7,620.5,9.93,16.32,NO,YES,NO,02HB,ON-02HB-06,0.011,NO,NA,NA
6007601602,Mary Fix Creek - Credit River,43.65859,-79.74146,195,1065,8.11,21.12,YES,YES,NO,02HB,ON-02HB-04,0.053,YES,NA,NA
6007601702,Mary Fix Creek - Credit River,43.62215,-79.73327,94.7,760,11.42,22.29,NO,YES,NO,02HB,ON-02HB-04,0.016,NO,NA,NA
6007601802,Little Credit River - Credit River,43.85621,-80.04821,118.5,826.5,9.3,17.95,NO,YES,NO,02HB,ON-02HB-06,0.034,YES,NA,NA
6007602202,Credit River West Branch - Credit River,43.63747,-79.88617,98.8,840.5,10.97,18.91,NO,YES,NO,02HB,ON-02HB-05,0.014,NO,NA,NA
6007602302,Little Credit River - Credit River,43.88846,-80.06331,217,1205,8.56,18.48,YES,YES,NO,02HB,ON-02HB-06,0.066,YES,NA,NA
6007605002,Mary Fix Creek - Credit River,43.5492,-79.63327,133,857,9.75,21.47,YES,YES,NO,02HB,ON-02HB-04,0.021,NO,NA,NA
6007605102,Little Credit River - Credit River,43.85976,-80.05739,35,538,9.74,18.39,NO,YES,NO,02HB,ON-02HB-06,0.016,NO,NA,NA
6007605202,Little Credit River - Credit River,43.80982,-79.92765,46,590,7.59,18.73,NO,YES,NO,02HB,ON-02HB-06,0.043,YES,NA,NA
6008000602,Etobicoke Creek,43.60506,-79.55975,406,1745,11.53,21.71,YES,YES,NO,02HC,ON-02HC-01,0.069,YES,NA,NA
6008000702,Etobicoke Creek,43.67833,-79.67951,230.5,1245,12.4,24.18,YES,YES,NO,02HC,ON-02HC-01,0.036,YES,NA,NA
6008300902,Black Creek - Humber River Outlet,43.8881,-79.71796,23.7,556,11.05,14.65,NO,YES,NO,02HC,ON-02HC-02,0.03,YES,NA,NA
6008301802,Bolton Dam - Humber River,43.92614,-79.803210000000007,57.3,612.5,10.58,18.95,NO,YES,NO,02HC,ON-02HC-04,0.024,NO,NA,NA
6008301902,Black Creek - Humber River Outlet,43.65144,-79.49133,163,970.5,12.03,22.8,YES,YES,NO,02HC,ON-02HC-02,0.037,YES,NA,NA
6008310302,West Humber River,43.75824,-79.67844,173,1030,11.04,21.02,YES,YES,NO,02HC,ON-02HC-03,0.035,YES,NA,NA
6008310402,Bolton Dam - Humber River,43.92418,-79.83452,59.9,652,10.67,18.48,NO,YES,NO,02HC,ON-02HC-04,0.037,YES,NA,NA
6008501402,Don River,43.68847,-79.36214,261,1385,11.7,21.21,YES,YES,NO,02HC,ON-02HC-06,0.134,YES,NA,NA
6009701102,Rouge River,43.81086,-79.15978,203,1125,11.82,21.94,YES,YES,NO,02HC,ON-02HC-07,0.028,NO,NA,NA
6009701802,Rouge River,43.89673,-79.32307,72.4,750.5,11.46,18.94,NO,YES,NO,02HC,ON-02HC-07,0.029,NO,NA,NA
6010400102,Duffins Creek,43.83919,-79.03984,70.1,648.5,12.33,21.84,NO,YES,NO,02HC,ON-02HC-08,0.021,NO,NA,NA
6010400802,Duffins Creek,43.96145,-79.12565,37.8,615.5,12.03,18.16,NO,YES,NO,02HC,ON-02HC-08,0.02,NO,NA,NA
6011600102,Bowmanville Creek,43.89429,-78.67502,28.5,497.5,10.83,19.33,NO,NO,NO,02HD,ON-029B-01,0.021,NO,NA,NA
6011600502,Bowmanville Creek,43.96982,-78.7475,14.1,465,10.51,16.04,NO,NO,NO,02HD,ON-029B-01,0.018,NO,NA,NA
6011600602,Bowmanville Creek,44.04234,-78.73805,1.8,354,5.95,11.22,NO,NO,NO,02HD,ON-029B-01,0.012,NO,NA,NA
6012900102,Ganaraska River,43.94789,-78.29238,15.4,449.5,11.18,22.46,NO,NO,NO,02HD,ON-029B-02,0.018,NO,NA,NA
6012900202,Ganaraska River,44.01504,-78.4375,11.2,421.5,11.38,16.92,NO,NO,NO,02HD,ON-029B-02,0.015,NO,NA,NA
6012900502,Ganaraska River,43.99062,-78.32816,9.5,424.5,11.78,20.12,NO,NO,NO,02HD,ON-029B-02,0.017,NO,NA,NA
6015700102,Wellers Bay,43.99636,-77.51803,10.5,292,7.73,NA,NO,NO,NO,0209,ON-029C-03,0.021,NO,NA,NA
6015700302,Wellers Bay,44.03078,-77.28513,15.9,474,2.8,NA,NO,NO,YES,0209,ON-029C-03,0.051,YES,NA,NA
6018000202,Millhaven Creek,44.40682,-76.60129,13.4,288,10.82,NA,NO,NO,NO,02HM,ON-02HM-10,0.019,NO,NA,NA
6018000302,Millhaven Creek,44.21406,-76.78015,17.4,333,10.64,NA,NO,NO,NO,02HM,ON-02HM-10,0.02,NO,NA,NA
6018300202,Collins Creek,44.25643,-76.6127,39.6,525,4.3,NA,NO,YES,YES,02HM,ON-02HM-11,0.067,YES,NA,NA
80006,Etobicoke Creek,43.60506,-79.55975,NA,NA,11.16,22.04,NA,NA,NO,02HC,ON-02HC-01,NA,NA,NA,NA
80007,Etobicoke Creek,43.67833,-79.67951,NA,NA,12.24,23.98,NA,NA,NO,02HC,ON-02HC-01,NA,NA,NA,NA
8002100202,Old Ausable Channel - Ausable River,43.19331,-81.81386,NA,NA,NA,24.73,NA,NA,NA,02FF,ON-02FF-01,NA,NA,NA,NA
8002200702,Black Creek - Ausable River,43.42774,-81.52283,NA,NA,NA,18.85,NA,NA,NA,02FF,ON-02FF-07,NA,NA,NA,NA
8002201002,Little Ausable River - Ausable River,43.18091,-81.44766,NA,NA,NA,25.17,NA,NA,NA,02FF,ON-02FF-05,NA,NA,NA,NA
8002201202,Parkhill Creek,43.18501,-81.72902,NA,NA,NA,23.21,NA,NA,NA,02FF,ON-02FF-08,NA,NA,NA,NA
8002201602,Black Creek - Ausable River,43.36212,-81.50945,NA,NA,NA,21.17,NA,NA,NA,02FF,ON-02FF-07,NA,NA,NA,NA
8002201902,Old Ausable Channel - Ausable River,43.18533,-81.85668,NA,NA,NA,21.09,NA,NA,NA,02FF,ON-02FF-01,NA,NA,NA,NA
8002202002,Adelaide Creek - Ausable River,43.07237,-81.66026,NA,NA,NA,25.5,NA,NA,NA,02FF,ON-02FF-03,NA,NA,NA,NA
8004000202,Bayfield River,43.53778,-81.40662,NA,NA,NA,22.02,NA,NA,NA,02FF,ON-02FF-02,NA,NA,NA,NA
8004000802,Bayfield River,43.55072,-81.58937,NA,NA,NA,21.86,NA,NA,NA,02FF,ON-02FF-02,NA,NA,NA,NA
8005600202,Blyth Brook - Maitland River,43.74887,-81.44592,NA,NA,NA,19.43,NA,NA,NA,02FE,ON-02FE-02,NA,NA,NA,NA
8005600302,Blyth Brook - Maitland River,43.8955,-81.3535,NA,NA,NA,22.41,NA,NA,NA,02FE,ON-02FE-02,NA,NA,NA,NA
8005600902,Boyle Drain - Middle Maitland River,43.73037,-81.02807,NA,NA,NA,22.58,NA,NA,NA,02FE,ON-02FE-05,NA,NA,NA,NA
8005602002,Boyle Drain - Middle Maitland River,43.69298,-81.09216,NA,NA,NA,21.43,NA,NA,NA,02FE,ON-02FE-05,NA,NA,NA,NA
8005603502,Little Maitland River,43.7987,-81.16987,NA,NA,NA,19.99,NA,NA,NA,02FE,ON-02FE-07,NA,NA,NA,NA
8005603702,South Maitland River Outlet,43.68462,-81.5409,NA,NA,NA,22.09,NA,NA,NA,02FE,ON-02FE-06,NA,NA,NA,NA
8005603802,Wingham - Maitland River,43.8873,-81.28257,NA,NA,NA,21.04,NA,NA,NA,02FE,ON-02FE-04,NA,NA,NA,NA
8005603902,Middle Maitland River Outlet,43.84005,-81.32055,NA,NA,NA,21.09,NA,NA,NA,02FE,ON-02FE-03,NA,NA,NA,NA
8005604102,Middle Maitland River Outlet,43.70444,-81.24871,NA,NA,NA,19.05,NA,NA,NA,02FE,ON-02FE-03,NA,NA,NA,NA
8012300202,Vesta Creek - Saugeen River,44.13468,-81.15386,NA,NA,NA,22.32,NA,NA,NA,02FC,ON-02FC-02,NA,NA,NA,NA
8012303002,Saugeen River Outlet,44.4561,-81.32604,NA,NA,NA,22.66,NA,NA,NA,02FC,ON-02FC-01,NA,NA,NA,NA
8012304402,Teeswater River Outlet,44.15257,-81.28637,NA,NA,NA,21.21,NA,NA,NA,02FC,ON-02FC-06,NA,NA,NA,NA
8012304802,Mount Forest Dam - South Saugeen River,44.03543,-80.58141,NA,NA,NA,22.36,NA,NA,NA,02FC,ON-02FC-10,NA,NA,NA,NA
8012305002,Beatty Saugeen River,44.13098,-80.96737,NA,NA,NA,22.57,NA,NA,NA,02FC,ON-02FC-12,NA,NA,NA,NA
8012305102,South Saugeen River Outlet,44.09853,-80.98513,NA,NA,NA,23.35,NA,NA,NA,02FC,ON-02FC-04,NA,NA,NA,NA
8012305202,Upper Durham Dam - Saugeen River,44.2472,-80.46003,NA,NA,NA,21.53,NA,NA,NA,02FC,ON-02FC-09,NA,NA,NA,NA
8012305302,Rocky Saugeen River,44.21263,-80.8627,NA,NA,NA,20.24,NA,NA,NA,02FC,ON-02FC-11,NA,NA,NA,NA
8012305602,Saugeen River Outlet,44.4153,-81.38327,NA,NA,NA,22.69,NA,NA,NA,02FC,ON-02FC-01,NA,NA,NA,NA
8012305702,Upper Durham Dam - Saugeen River,44.18581,-80.78749,NA,NA,NA,19.96,NA,NA,NA,02FC,ON-02FC-09,NA,NA,NA,NA
8012305802,North Saugeen River,44.33514,-80.97633,NA,NA,NA,20.33,NA,NA,NA,02FC,ON-02FC-13,NA,NA,NA,NA
8012305902,North Saugeen River,44.31874,-81.24326,NA,NA,NA,24.1,NA,NA,NA,02FC,ON-02FC-13,NA,NA,NA,NA
8013500302,Sauble River Outlet,44.67718,-81.25546,NA,NA,NA,21.82,NA,NA,NA,02FA,ON-02FA-01,NA,NA,NA,NA
8013500502,Sauble River Outlet,44.5353,-81.17766,NA,NA,NA,24.42,NA,NA,NA,02FA,ON-02FA-01,NA,NA,NA,NA
8013500602,Sauble River Outlet,44.64474,-81.1854,NA,NA,NA,16.36,NA,NA,NA,02FA,ON-02FA-01,NA,NA,NA,NA
83002,West Humber River,43.73687,-79.62832,188,NA,9.72,23.18,YES,NA,NO,02HC,ON-02HC-03,NA,NA,NA,NA
83004,East Humber River,43.79807,-79.58106,134,NA,11.26,20.35,YES,NA,NO,02HC,ON-02HC-05,NA,NA,NA,NA
83009,Black Creek - Humber River Outlet,43.8881,-79.71796,NA,NA,11.23,14.85,NA,NA,NO,02HC,ON-02HC-02,NA,NA,NA,NA
83012,Black Creek - Humber River Outlet,43.67485,-79.50532,369,NA,12.33,21.89,YES,NA,NO,02HC,ON-02HC-02,NA,NA,NA,NA
83018,Bolton Dam - Humber River,43.92614,-79.803210000000007,NA,NA,10.36,19.06,NA,NA,NO,02HC,ON-02HC-04,NA,NA,NA,NA
83019,Black Creek - Humber River Outlet,43.65144,-79.49133,NA,NA,11.82,23.55,NA,NA,NO,02HC,ON-02HC-02,NA,NA,NA,NA
83020,Black Creek - Humber River Outlet,43.81158,-79.62751,60.6,NA,10.63,21.21,NO,NA,NO,02HC,ON-02HC-02,NA,NA,NA,NA
83103,West Humber River,43.75824,-79.67844,NA,NA,10.88,21.36,NA,NA,NO,02HC,ON-02HC-03,NA,NA,NA,NA
83104,Bolton Dam - Humber River,43.92418,-79.83452,NA,NA,10.31,18.86,NA,NA,NO,02HC,ON-02HC-04,NA,NA,NA,NA
85003,Don River,43.80313,-79.39688,221,NA,11.06,19.5,YES,NA,NO,02HC,ON-02HC-06,NA,NA,NA,NA
85004,Don River,43.80387,-79.48313,412.5,NA,10.95,21.32,YES,NA,NO,02HC,ON-02HC-06,NA,NA,NA,NA
85014,Don River,43.68847,-79.36214,NA,NA,11.43,21.56,NA,NA,NO,02HC,ON-02HC-06,NA,NA,NA,NA
9000100402,Burlington Canal - Hamilton Harbour,43.20035,-79.82013,311.5,1715,10.96,19.04,YES,YES,NO,02HB,ON-02HB-01,0.067,YES,NA,NA
9000100502,Burlington Canal - Hamilton Harbour,43.23246,-79.78475,278,1520,12.77,24.08,YES,YES,NO,02HB,ON-02HB-01,0.027,NO,NA,NA
9000800502,Burlington Canal - Hamilton Harbour,43.26519,-79.96423,83.6,814,10.14,21.15,NO,YES,NO,02HB,ON-02HB-01,0.033,YES,NA,NA
9000800602,Burlington Canal - Hamilton Harbour,43.283,-80.05309,58.2,710,9.93,22.01,NO,YES,NO,02HB,ON-02HB-01,0.04,YES,NA,NA
9000800702,Burlington Canal - Hamilton Harbour,43.35304,-80.07795,52.1,683,8.5,21.14,NO,YES,NO,02HB,ON-02HB-01,0.018,NO,NA,NA
9000902402,Burlington Canal - Hamilton Harbour,43.30128,-79.86887,113.5,891,10.59,20.4,NO,YES,NO,02HB,ON-02HB-01,0.038,YES,NA,NA
97003,Rouge River,43.85846,-79.23325,216.5,NA,11.32,22.92,YES,NA,NO,02HC,ON-02HC-07,NA,NA,NA,NA
97007,Rouge River,43.85933,-79.20442,113,NA,11.36,21.87,NO,NA,NO,02HC,ON-02HC-07,NA,NA,NA,NA
97011,Rouge River,43.81086,-79.15978,NA,NA,11.55,22.76,NA,NA,NO,02HC,ON-02HC-07,NA,NA,NA,NA
97013,Rouge River,43.81368,-79.15677,117.5,NA,11.29,22.28,NO,NA,NO,02HC,ON-02HC-07,NA,NA,NA,NA
97018,Rouge River,43.89673,-79.32307,NA,NA,11.38,19.04,NA,NA,NO,02HC,ON-02HC-07,NA,NA,NA,NA
97777,Rouge River,43.8523,-79.33012,303,NA,8.83,20.41,YES,NA,NO,02HC,ON-02HC-07,NA,NA,NA,NA
97999,Rouge River,43.91468,-79.24897,108,NA,10.33,20.1,NO,NA,NO,02HC,ON-02HC-07,NA,NA,NA,NA
BALSAM LAKE N Bay Rocky Pt.,Cameron Lake Dam - Fenelon River,44.63306,-78.83944,6.3,NA,NA,NA,NO,NA,NA,02HF,ON-02HF-01,NA,NA,NA,NA
BALSAM LAKE NE end-Lightning Pt,Cameron Lake Dam - Fenelon River,44.63,-78.81194,6.5,NA,NA,NA,NO,NA,NA,02HF,ON-02HF-01,NA,NA,NA,NA
BALSAM LAKE South B-Killarney B,Cameron Lake Dam - Fenelon River,44.51833,-78.85833,7.1,NA,NA,NA,NO,NA,NA,02HF,ON-02HF-01,NA,NA,NA,NA
Bayside Narrows,Telegraph Narrows - Bay of Quinte,44.11692,-77.47676,NA,NA,NA,NA,NA,NA,NA,0209,ON-029C-02,0.02,NO,NA,NA
BELWOOD LAKE Mid north/west end,Lake Belwood - Grand River,43.77806,-80.3375,14.9,NA,NA,NA,NO,NA,NA,02GA,ON-02GA-08,NA,NA,NA,NA
BUCKHORN LAKE (U) Narrows-redbuoy C310,Burleigh Falls Dam - Lower Buckhorn Lake,44.55167,-78.34667,12.3,NA,NA,NA,NO,NA,NA,02HH,ON-02HH-02,NA,NA,NA,NA
Cootes Paradise - Boathouse Bay,Burlington Canal - Hamilton Harbour,43.28323,-79.89688,NA,NA,8.23,NA,NA,NA,NO,02HB,ON-02HB-01,NA,NA,NA,NA
Cootes Paradise - Chedoke Bay,Burlington Canal - Hamilton Harbour,43.27424,-79.89559,NA,931,4.22,24.96,NA,YES,YES,02HB,ON-02HB-01,NA,NA,NA,NA
Cootes Paradise - East End,Burlington Canal - Hamilton Harbour,43.27922,-79.89738,NA,796,8.18,24.24,NA,YES,NO,02HB,ON-02HB-01,NA,NA,NA,NA
Cootes Paradise - Mid Marsh,Burlington Canal - Hamilton Harbour,43.2748,-79.90676,NA,809,7.98,23.85,NA,YES,NO,02HB,ON-02HB-01,0.077,YES,NA,NA
Cootes Paradise - West End,Burlington Canal - Hamilton Harbour,43.27274,-79.91481,NA,849,7.3,24.11,NA,YES,NO,02HB,ON-02HB-01,0.055,YES,NA,NA
Cootes Paradise - West Pond,Burlington Canal - Hamilton Harbour,43.27055,-79.93032,NA,1071,7.76,23.75,NA,YES,NO,02HB,ON-02HB-01,NA,NA,NA,NA
Cootes Paradise - Westdale Inlet,Burlington Canal - Hamilton Harbour,43.27096,-79.90401,NA,884,6.18,24.12,NA,YES,NO,02HB,ON-02HB-01,NA,NA,NA,NA
CRL-1,Goose Lake - Burnt River,44.77857,-78.71648,NA,NA,NA,NA,NA,NA,NA,02HF,ON-02HF-02,NA,NA,NA,NA
CRL-2,Goose Lake - Burnt River,44.77691,-78.71213,NA,NA,NA,NA,NA,NA,NA,02HF,ON-02HF-02,NA,NA,NA,NA
CRL-3,Goose Lake - Burnt River,44.77678,-78.70552,NA,NA,NA,NA,NA,NA,NA,02HF,ON-02HF-02,NA,NA,NA,NA
CRL-4,Goose Lake - Burnt River,44.77077,-78.71899,NA,NA,NA,NA,NA,NA,NA,02HF,ON-02HF-02,NA,NA,NA,NA
CRL-5,Goose Lake - Burnt River,44.7722,-78.71232,NA,NA,NA,NA,NA,NA,NA,02HF,ON-02HF-02,NA,NA,NA,NA
Dead Creek Mouth,Telegraph Narrows - Bay of Quinte,44.06834,-77.58557,NA,NA,NA,NA,NA,NA,NA,0209,ON-029C-02,0.019,NO,NA,NA
DM 6.0,Don River,43.70311,-79.33222,396.5,NA,11.3,20.08,YES,NA,NO,02HC,ON-02HC-06,NA,NA,NA,NA
DN008WM,Don River,43.7995,-79.38084,260,NA,11.47,19.89,YES,NA,NO,02HC,ON-02HC-06,NA,NA,NA,NA
DRAG RIVER Drag River-ScottsDam,Drag River,44.93444,-78.63333,6.7,NA,NA,NA,NO,NA,NA,02HF,ON-02HF-07,NA,NA,NA,NA
Grindstone Marsh - Carolls Bay,Burlington Canal - Hamilton Harbour,43.28863,-79.88716,NA,748,7.76,24.02,NA,YES,NO,02HB,ON-02HB-01,NA,NA,NA,NA
Grindstone Marsh - Long Pond,Burlington Canal - Hamilton Harbour,43.29211,-79.88766,NA,1209,7.64,25.2,NA,YES,NO,02HB,ON-02HB-01,NA,NA,NA,NA
Grindstone Marsh - Sunfish Pond,Burlington Canal - Hamilton Harbour,43.2903,-79.88586,NA,NA,8.2,NA,NA,NA,NO,02HB,ON-02HB-01,NA,NA,NA,NA
Hay Bay Mouth,Aldophus Reach - Bay of Quinte,44.09333,-77.07167,NA,NA,NA,NA,NA,NA,NA,0209,ON-029C-01,0.034,YES,NA,NA
HU010WM,Black Creek - Humber River Outlet,43.74678,-79.57243,109,NA,12.04,22.62,NO,NA,NO,02HC,ON-02HC-02,NA,NA,NA,NA
HU1RWMP,Black Creek - Humber River Outlet,43.77835,-79.52523,586.5,NA,10.53,19.75,YES,NA,NO,02HC,ON-02HC-02,NA,NA,NA,NA
KASHAGAWIGAMOG LAKE S/W end nr Ingoldsby,Drag River,44.96361,-78.62417,6.1,NA,NA,NA,NO,NA,NA,02HF,ON-02HF-07,NA,NA,NA,NA
KASHAGAWIGAMOG LAKE StnA-S-end Puffers Is.,Drag River,44.97194,-78.61139,6,NA,NA,NA,NO,NA,NA,02HF,ON-02HF-07,NA,NA,NA,NA
KATCHEWANOOKA LAKE S/E Douglas Island,Stony Lake - Katchewanooka Lake,44.46667,-78.24889,10.8,NA,NA,NA,NO,NA,NA,02HH,ON-02HH-01,NA,NA,NA,NA
KATCHEWANOOKA LAKE Young Pt near locks,Stony Lake - Katchewanooka Lake,44.48222,-78.23806,10.6,NA,NA,NA,NO,NA,NA,02HH,ON-02HH-01,NA,NA,NA,NA
Lake Scugog:Port Perry Marina near Palmer Park,Lake Scugog - Scugog River,44.10609,-78.94074,NA,427,7,NA,NA,NO,NO,02HG,ON-02HG-01,NA,NA,NA,NA
Little Etob CK,Etobicoke Creek,43.61021,-79.56848,568.5,NA,11.25,20.88,YES,NA,NO,02HC,ON-02HC-01,NA,NA,NA,NA
LITTLE LONG LAKE Deep spot,Deer Bay Creek,44.68333,-78.14722,0.4,NA,NA,NA,NO,NA,NA,02HH,ON-02HH-09,NA,NA,NA,NA
LOVESICK LAKE 80' hole at N. end,Burleigh Falls Dam - Lower Buckhorn Lake,44.56306,-78.23639,12,NA,NA,NA,NO,NA,NA,02HH,ON-02HH-02,NA,NA,NA,NA
LOVESICK LAKE McCallum Island,Burleigh Falls Dam - Lower Buckhorn Lake,44.55361,-78.22722,11.9,NA,NA,NA,NO,NA,NA,02HH,ON-02HH-02,NA,NA,NA,NA
LOWER BUCKHORN LAKE Deer Bay W-Buoy C267,Burleigh Falls Dam - Lower Buckhorn Lake,44.56194,-78.30778,11.9,NA,NA,NA,NO,NA,NA,02HH,ON-02HH-02,NA,NA,NA,NA
LOWER BUCKHORN LAKE Deer Bay-centre,Burleigh Falls Dam - Lower Buckhorn Lake,44.53389,-78.2725,12.1,NA,NA,NA,NO,NA,NA,02HH,ON-02HH-02,NA,NA,NA,NA
LOWER BUCKHORN LAKE Heron Island,Burleigh Falls Dam - Lower Buckhorn Lake,44.55083,-78.2725,12.3,NA,NA,NA,NO,NA,NA,02HH,ON-02HH-02,NA,NA,NA,NA
Lower Etob US,Etobicoke Creek,43.65611,-79.62516,296.5,NA,12.54,24.95,YES,NA,NO,02HC,ON-02HC-01,NA,NA,NA,NA
Mayfield,Etobicoke Creek,43.73834,-79.81991,127.5,NA,7.85,20.87,YES,NA,NO,02HC,ON-02HC-01,NA,NA,NA,NA
Moira Lake:Kiwanis Boat Launch off Hwy 62 S of Madoc,Moira Lake at Downey's Weir - Moira River,44.47899,-77.46773,NA,276,5,NA,NA,NO,YES,02HL,ON-02HL-04,NA,NA,NA,NA
Moira River:Mouth of Moira River where it enters Bay of Quinte,Palliser Creek - Moira River Outlet,44.16004,-77.3831,NA,257,6,NA,NA,NO,NO,02HL,ON-02HL-01,NA,NA,NA,NA
Muscote Bay,Telegraph Narrows - Bay of Quinte,44.09328,-77.30211,NA,NA,NA,NA,NA,NA,NA,0209,ON-029C-02,0.025,NO,NA,NA
Napanee River Mouth,Aldophus Reach - Bay of Quinte,44.19104,-77.03259,NA,NA,NA,NA,NA,NA,NA,0209,ON-029C-01,0.031,YES,NA,NA
NIAGARA ON THE LAKE LIGHTHOUSE,Niagara River,43.25,-79.06,17.4,NA,NA,22.62,NO,NA,NA,02HA,ON-02HA-01,0.011,NO,NA,NA
NIAGARA RIVER AUTOMATIC DAILY STATION,Niagara River,42.93,-78.91,17.2,NA,NA,22.57,NO,NA,NA,02HA,ON-02HA-01,0.01,NO,NA,NA
Nonquon River:Nonquon River Environmental Education Centre,Nonquon River,44.14603,-78.97149,NA,663,5,NA,NA,YES,YES,02HG,ON-02HG-04,NA,NA,NA,NA
Ottawa River:Remic Beach,Chaudière Falls - Ottawa River,45.40746,-75.74689,NA,NA,NA,24.67,NA,NA,NA,02KF,ON-02KF-01,NA,NA,NA,NA
Picton Harbour on Lake Ontario:Picton Harbour at Mouth of Marsh Creek,Aldophus Reach - Bay of Quinte,44.00899,-77.13645,NA,330,5,24.38,NA,NO,YES,0209,ON-029C-01,NA,NA,NA,NA
Picton Harbour/Bay,Aldophus Reach - Bay of Quinte,44.01388,-77.13326,NA,NA,NA,NA,NA,NA,NA,0209,ON-029C-01,0.031,YES,NA,NA
PIGEON LAKE C340-DeadHorseSho,Pigeon Lake - Gannon Narrows,44.52056,-78.5025,11.3,NA,NA,NA,NO,NA,NA,02HH,ON-02HH-03,NA,NA,NA,NA
PIGEON LAKE Middle-SandyPtBoyd I,Pigeon Lake - Gannon Narrows,44.49944,-78.49972,11.1,NA,NA,NA,NO,NA,NA,02HH,ON-02HH-03,NA,NA,NA,NA
PIGEON LAKE N end-Adjacent Con17,Pigeon Lake - Gannon Narrows,44.56861,-78.48528,11,NA,NA,NA,NO,NA,NA,02HH,ON-02HH-03,NA,NA,NA,NA
PIGEON LAKE N300yds off Bottom I,Pigeon Lake - Gannon Narrows,44.5625,-78.5125,10.6,NA,NA,NA,NO,NA,NA,02HH,ON-02HH-03,NA,NA,NA,NA
PIGEON LAKE N-400m N of Boyd Is.,Pigeon Lake - Gannon Narrows,44.55028,-78.50167,10.6,NA,NA,NA,NO,NA,NA,02HH,ON-02HH-03,NA,NA,NA,NA
POINT EDWARD,Clay Creek - St. Clair River,43,-82.41,8.4,NA,NA,22.45,NO,NA,NA,02GG,ON-02GGA01,NA,NA,NA,NA
Pond at McCauley Mountain Conservation Area:Birdhouse City Pond,Aldophus Reach - Bay of Quinte,44.00469,-77.12601,NA,313,6,NA,NA,NO,NO,0209,ON-029C-01,NA,NA,NA,NA
PORT LAMBTON,Lake St. Clair Shoreline - St. Clair River,42.65,-82.5,8,NA,NA,22.13,NO,NA,NA,02GG,ON-02GGB01,NA,NA,NA,NA
Salmon River Mouth,Telegraph Narrows - Bay of Quinte,44.17399,-77.25723,NA,NA,NA,NA,NA,NA,NA,0209,ON-029C-02,0.022,NO,NA,NA
Spring Creek,Etobicoke Creek,43.68858,-79.66005,304,NA,12.12,23.91,YES,NA,NO,02HC,ON-02HC-01,NA,NA,NA,NA
ST. LAWRENCE RIVER (SOUTH CHANNEL),Lake of the Isles - St. Lawrence River,44.2,-76.23,NA,NA,NA,21.13,NA,NA,NA,02MA,ON-02MA-02,NA,NA,NA,NA
STONY LAKE Hamilton Bay,Stony Lake - Katchewanooka Lake,44.545,-78.12194,10.4,NA,NA,NA,NO,NA,NA,02HH,ON-02HH-01,NA,NA,NA,NA
STONY LAKE Mouse Is.,Stony Lake - Katchewanooka Lake,44.55306,-78.11611,10.7,NA,NA,NA,NO,NA,NA,02HH,ON-02HH-01,NA,NA,NA,NA
Trent River Mouth,Telegraph Narrows - Bay of Quinte,44.09777,-77.56866,NA,NA,NA,NA,NA,NA,NA,0209,ON-029C-02,0.018,NO,NA,NA
Tributary 3,Etobicoke Creek,43.66525,-79.66143,581.5,NA,12.4,24.31,YES,NA,NO,02HC,ON-02HC-01,NA,NA,NA,NA
Tributary 4,Etobicoke Creek,43.62791,-79.56774,296.5,NA,11.48,21.05,YES,NA,NO,02HC,ON-02HC-01,NA,NA,NA,NA
UPPER STONEY LAKE Crowes Landing,Stony Lake - Katchewanooka Lake,44.56444,-78.06639,7.8,NA,NA,NA,NO,NA,NA,02HH,ON-02HH-01,NA,NA,NA,NA
UPPER STONEY LAKE Quarry Bay,Stony Lake - Katchewanooka Lake,44.58611,-78.05306,7.6,NA,NA,NA,NO,NA,NA,02HH,ON-02HH-01,NA,NA,NA,NA
UPPER STONEY LAKE Young Bay,Stony Lake - Katchewanooka Lake,44.58111,-78.08472,7.9,NA,NA,NA,NO,NA,NA,02HH,ON-02HH-01,NA,NA,NA,NA
